id,invoice_id,tanggal_transaksi,customer_id,nama_produk,jenis_produk,kategori_produk,quantity,harga_jual,jenis_pembayaran,jenis_pesanan,nilai_penjualan
1,1,2022-04-11,44,Indomie Ayam Spesial,mie-kuah,makanan,2,9000,QRIS-OVO,Dine-In,18000
2,2,2022-08-01,10,Indomie Ayam Spesial,mie-kuah,makanan,2,9000,CASH,Delivery,18000
3,3,2022-04-03,62,Indomie Rasa Soto Betawi,mie-kuah,makanan,1,10000,QRIS-OTHERS,Delivery,10000
4,4,2022-03-19,48,Indomie Rasa Soto Padang,mie-kuah,makanan,3,10000,CASH,Dine-In,30000
5,5,2022-04-29,87,Indomie Rasa Sop Buntut,mie-kuah,makanan,2,10000,QRIS-OVO,Dine-In,20000
6,6,2022-07-23,80,Indomie Ayam Spesial,mie-kuah,makanan,1,9000,CASH,Delivery,9000
7,7,2022-02-04,15,Indomie Baso Sapi,mie-kuah,makanan,1,9000,CASH,Dine-In,9000
8,8,2022-01-08,94,Indomie Rasa Sop Buntut,mie-kuah,makanan,2,10000,QRIS-OVO,Dine-In,20000
9,9,2022-01-03,6,Indomie Soto Mie,mie-kuah,makanan,2,9000,QRIS-DANA,Dine-In,18000
10,10,2022-06-11,86,Indomie Goreng Cabe Ijo,mie-goreng,makanan,1,9000,QRIS-OVO,Delivery,9000
11,11,2022-01-08,41,Indomie Goreng Aceh,mie-goreng,makanan,2,9000,QRIS-GOPAY,Delivery,18000
12,12,2022-01-26,43,Indomie Goreng Sambal Matah,mie-goreng,makanan,3,9000,CASH,Delivery,27000
13,13,2022-01-11,46,Indomie Goreng Cabe Ijo,mie-goreng,makanan,1,9000,QRIS-OTHERS,Dine-In,9000
14,14,2022-07-15,58,Indomie Rasa Mi Kocok Bandung,mie-kuah,makanan,2,10000,QRIS-GOPAY,Delivery,20000
15,15,2022-08-19,20,Indomie Ayam Spesial,mie-kuah,makanan,1,9000,CASH,Delivery,9000
16,16,2022-05-18,9,Indomie Rasa Mi Kocok Bandung,mie-kuah,makanan,1,10000,QRIS-OVO,Delivery,10000
17,17,2022-04-13,73,Indomie Soto Mie,mie-kuah,makanan,2,9000,QRIS-GOPAY,Dine-In,18000
18,18,2022-06-01,8,Indomie Rasa Mi Kocok Bandung,mie-kuah,makanan,1,10000,QRIS-OTHERS,Dine-In,10000
19,19,2022-05-17,66,Indomie Rasa Soto Betawi,mie-kuah,makanan,3,10000,QRIS-GOPAY,Dine-In,30000
20,20,2022-02-27,6,Indomie Ayam Spesial,mie-kuah,makanan,1,9000,QRIS-SHOPEEPAY,Dine-In,9000
21,21,2022-06-14,14,Indomie Goreng Aceh,mie-goreng,makanan,2,9000,QRIS-OVO,Delivery,18000
22,22,2022-08-21,10,Indomie Goreng Spesial,mie-goreng,makanan,2,9000,QRIS-OVO,Delivery,18000
23,23,2022-06-20,66,Indomie Rasa Sop Buntut,mie-kuah,makanan,1,10000,QRIS-OTHERS,Delivery,10000
24,24,2022-05-03,82,Indomie Rasa Mi Kocok Bandung,mie-kuah,makanan,1,10000,QRIS-SHOPEEPAY,Dine-In,10000
25,25,2022-03-15,40,Indomie Ayam Spesial,mie-kuah,makanan,3,9000,QRIS-DANA,Dine-In,27000
26,26,2022-08-20,6,Indomie Rasa Mi Kocok Bandung,mie-kuah,makanan,2,10000,QRIS-SHOPEEPAY,Dine-In,20000
27,27,2022-08-13,7,Indomie Goreng Aceh,mie-goreng,makanan,3,9000,QRIS-SHOPEEPAY,Delivery,27000
28,28,2022-07-17,73,Indomie Baso Sapi,mie-kuah,makanan,2,9000,QRIS-GOPAY,Delivery,18000
29,29,2022-03-29,78,Indomie Baso Sapi,mie-kuah,makanan,3,9000,QRIS-SHOPEEPAY,Dine-In,27000
30,30,2022-05-18,62,Indomie Rasa Soto Banjar Limau Kuit,mie-kuah,makanan,1,10000,CASH,Delivery,10000
31,31,2022-08-03,8,Indomie Goreng Pedas,mie-goreng,makanan,1,9000,QRIS-OTHERS,Delivery,9000
32,32,2022-07-17,93,Indomie Goreng Cabe Ijo,mie-goreng,makanan,3,9000,QRIS-DANA,Delivery,27000
33,33,2022-01-25,75,Indomie Baso Sapi,mie-kuah,makanan,2,9000,QRIS-DANA,Delivery,18000
34,34,2022-01-11,74,indomie Kari Ayam,mie-kuah,makanan,1,9000,CASH,Delivery,9000
35,35,2022-05-20,7,Indomie Goreng Rendang,mie-goreng,makanan,1,9000,CASH,Dine-In,9000
36,36,2022-06-07,72,Indomie Goreng Spesial,mie-goreng,makanan,2,9000,QRIS-DANA,Dine-In,18000
37,37,2022-07-03,95,Indomie Rasa Sop Buntut,mie-kuah,makanan,2,10000,QRIS-GOPAY,Dine-In,20000
38,38,2022-02-09,14,indomie Ayam Bawang,mie-kuah,makanan,2,9000,QRIS-DANA,Dine-In,18000
39,39,2022-01-19,61,Indomie Goreng Rendang,mie-goreng,makanan,3,9000,QRIS-SHOPEEPAY,Delivery,27000
40,40,2022-03-24,69,indomie Ayam Bawang,mie-kuah,makanan,2,9000,QRIS-OVO,Dine-In,18000
41,41,2022-06-30,46,Indomie Rasa Soto Lamongan,mie-kuah,makanan,3,10000,QRIS-OTHERS,Delivery,30000
42,42,2022-07-01,90,Indomie Goreng Cabe Ijo,mie-goreng,makanan,3,9000,QRIS-OVO,Delivery,27000
43,43,2022-06-15,80,indomie Kari Ayam,mie-kuah,makanan,2,9000,CASH,Delivery,18000
44,44,2022-04-13,95,Indomie Rasa Soto Padang,mie-kuah,makanan,2,10000,QRIS-OTHERS,Delivery,20000
45,45,2022-03-16,25,indomie Kari Ayam,mie-kuah,makanan,1,9000,QRIS-OVO,Dine-In,9000
46,46,2022-03-22,38,Indomie Soto Mie,mie-kuah,makanan,2,9000,QRIS-OVO,Dine-In,18000
47,47,2022-07-28,22,Indomie Rasa Soto Padang,mie-kuah,makanan,2,10000,QRIS-SHOPEEPAY,Delivery,20000
48,48,2022-01-05,45,Indomie Goreng Pedas,mie-goreng,makanan,1,9000,QRIS-GOPAY,Delivery,9000
49,49,2022-02-04,89,Indomie Goreng Pedas,mie-goreng,makanan,2,9000,QRIS-OVO,Delivery,18000
50,50,2022-02-22,18,Indomie Goreng Pedas,mie-goreng,makanan,1,9000,QRIS-SHOPEEPAY,Delivery,9000
51,51,2022-06-06,51,Indomie Rasa Soto Betawi,mie-kuah,makanan,2,10000,QRIS-DANA,Delivery,20000
52,52,2022-05-09,48,Indomie Goreng Aceh,mie-goreng,makanan,1,9000,CASH,Delivery,9000
53,53,2022-04-15,96,Indomie Rasa Soto Lamongan,mie-kuah,makanan,1,10000,QRIS-GOPAY,Dine-In,10000
54,54,2022-02-22,54,Indomie Baso Sapi,mie-kuah,makanan,3,9000,QRIS-OTHERS,Delivery,27000
55,55,2022-01-28,15,Indomie Goreng Pedas,mie-goreng,makanan,2,9000,QRIS-OVO,Dine-In,18000
56,56,2022-07-28,23,Indomie Rasa Empal Gentong,mie-kuah,makanan,1,10000,QRIS-SHOPEEPAY,Delivery,10000
57,57,2022-06-14,50,Indomie Goreng Sambal Matah,mie-goreng,makanan,3,9000,QRIS-OTHERS,Dine-In,27000
58,58,2022-05-18,40,Indomie Baso Sapi,mie-kuah,makanan,2,9000,CASH,Delivery,18000
59,59,2022-05-08,88,indomie Ayam Bawang,mie-kuah,makanan,2,9000,QRIS-OVO,Delivery,18000
60,60,2022-07-14,36,Indomie Goreng Cabe Ijo,mie-goreng,makanan,2,9000,QRIS-OTHERS,Dine-In,18000
61,61,2022-02-13,73,indomie Kari Ayam,mie-kuah,makanan,1,9000,CASH,Dine-In,9000
62,62,2022-03-07,88,Indomie Rasa Empal Gentong,mie-kuah,makanan,2,10000,QRIS-DANA,Delivery,20000
63,63,2022-06-06,60,Indomie Rasa Empal Gentong,mie-kuah,makanan,3,10000,QRIS-OVO,Delivery,30000
64,64,2022-05-01,48,Indomie Goreng Spesial,mie-goreng,makanan,1,9000,QRIS-OTHERS,Delivery,9000
65,65,2022-08-17,98,Indomie Goreng Rendang,mie-goreng,makanan,3,9000,QRIS-OVO,Dine-In,27000
66,66,2022-07-26,81,indomie Kari Ayam,mie-kuah,makanan,1,9000,QRIS-GOPAY,Delivery,9000
67,67,2022-03-22,71,Indomie Rasa Mi Kocok Bandung,mie-kuah,makanan,1,10000,QRIS-OVO,Dine-In,10000
68,68,2022-08-24,34,Indomie Rasa Soto Lamongan,mie-kuah,makanan,3,10000,QRIS-GOPAY,Dine-In,30000
69,69,2022-02-11,12,Indomie Rasa Soto Banjar Limau Kuit,mie-kuah,makanan,1,10000,QRIS-GOPAY,Dine-In,10000
70,70,2022-06-14,14,Indomie Ayam Spesial,mie-kuah,makanan,2,9000,QRIS-GOPAY,Delivery,18000
71,71,2022-02-07,7,Indomie Rasa Soto Padang,mie-kuah,makanan,3,10000,QRIS-GOPAY,Dine-In,30000
72,72,2022-05-04,28,Indomie Rasa Soto Padang,mie-kuah,makanan,2,10000,QRIS-GOPAY,Delivery,20000
73,73,2022-08-14,55,Indomie Rasa Soto Lamongan,mie-kuah,makanan,2,10000,QRIS-OTHERS,Dine-In,20000
74,74,2022-08-22,51,Indomie Ayam Spesial,mie-kuah,makanan,3,9000,CASH,Dine-In,27000
75,75,2022-04-19,36,Indomie Rasa Soto Betawi,mie-kuah,makanan,2,10000,QRIS-OVO,Delivery,20000
76,76,2022-04-10,20,Indomie Goreng Cabe Ijo,mie-goreng,makanan,1,9000,QRIS-OVO,Delivery,9000
77,77,2022-04-16,61,Indomie Rasa Empal Gentong,mie-kuah,makanan,2,10000,QRIS-OVO,Delivery,20000
78,78,2022-07-28,34,indomie Kari Ayam,mie-kuah,makanan,1,9000,QRIS-OVO,Delivery,9000
79,79,2022-07-28,27,Indomie Goreng Sambal Matah,mie-goreng,makanan,1,9000,QRIS-DANA,Dine-In,9000
80,80,2022-08-23,59,Indomie Goreng Pedas,mie-goreng,makanan,2,9000,CASH,Dine-In,18000
81,81,2022-07-26,27,Indomie Rasa Sop Buntut,mie-kuah,makanan,1,10000,CASH,Dine-In,10000
82,82,2022-02-26,79,Indomie Goreng Cabe Ijo,mie-goreng,makanan,1,9000,CASH,Delivery,9000
83,83,2022-07-24,96,Indomie Goreng Spesial,mie-goreng,makanan,2,9000,QRIS-SHOPEEPAY,Dine-In,18000
84,84,2022-03-28,27,Indomie Rasa Soto Lamongan,mie-kuah,makanan,2,10000,CASH,Delivery,20000
85,85,2022-03-18,21,Indomie Soto Mie,mie-kuah,makanan,1,9000,QRIS-SHOPEEPAY,Delivery,9000
86,86,2022-03-27,16,Indomie Rasa Soto Banjar Limau Kuit,mie-kuah,makanan,1,10000,QRIS-GOPAY,Delivery,10000
87,87,2022-06-20,94,Indomie Rasa Mi Kocok Bandung,mie-kuah,makanan,2,10000,QRIS-SHOPEEPAY,Dine-In,20000
88,88,2022-06-12,18,Indomie Goreng Cabe Ijo,mie-goreng,makanan,2,9000,QRIS-SHOPEEPAY,Delivery,18000
89,89,2022-05-19,65,Indomie Goreng Aceh,mie-goreng,makanan,2,9000,QRIS-GOPAY,Dine-In,18000
90,90,2022-01-23,57,Indomie Rasa Soto Banjar Limau Kuit,mie-kuah,makanan,2,10000,CASH,Dine-In,20000
91,91,2022-07-27,67,Indomie Rasa Soto Lamongan,mie-kuah,makanan,2,10000,QRIS-DANA,Dine-In,20000
92,92,2022-06-13,40,Indomie Rasa Soto Lamongan,mie-kuah,makanan,3,10000,QRIS-SHOPEEPAY,Delivery,30000
93,93,2022-05-14,9,Indomie Goreng Pedas,mie-goreng,makanan,1,9000,QRIS-GOPAY,Dine-In,9000
94,94,2022-01-16,11,Indomie Baso Sapi,mie-kuah,makanan,1,9000,QRIS-DANA,Dine-In,9000
95,95,2022-06-29,80,Indomie Soto Mie,mie-kuah,makanan,2,9000,QRIS-OVO,Delivery,18000
96,96,2022-07-04,18,Indomie Baso Sapi,mie-kuah,makanan,2,9000,QRIS-OTHERS,Dine-In,18000
97,97,2022-07-13,63,indomie Kari Ayam,mie-kuah,makanan,1,9000,QRIS-OTHERS,Delivery,9000
98,98,2022-03-31,50,Indomie Rasa Soto Banjar Limau Kuit,mie-kuah,makanan,1,10000,CASH,Dine-In,10000
99,99,2022-07-13,28,Indomie Goreng Cabe Ijo,mie-goreng,makanan,3,9000,CASH,Dine-In,27000
100,100,2022-01-15,21,indomie Ayam Bawang,mie-kuah,makanan,2,9000,QRIS-SHOPEEPAY,Delivery,18000
101,101,2022-07-20,33,Indomie Goreng Cabe Ijo,mie-goreng,makanan,3,9000,CASH,Dine-In,27000
102,102,2022-03-22,74,Indomie Goreng Aceh,mie-goreng,makanan,2,9000,QRIS-OVO,Dine-In,18000
103,103,2022-07-13,100,Indomie Rasa Sop Buntut,mie-kuah,makanan,3,10000,CASH,Delivery,30000
104,104,2022-07-14,82,Indomie Goreng Spesial,mie-goreng,makanan,3,9000,QRIS-OVO,Dine-In,27000
105,105,2022-02-27,56,Indomie Goreng Sambal Matah,mie-goreng,makanan,3,9000,QRIS-OTHERS,Delivery,27000
106,106,2022-06-01,84,Indomie Soto Mie,mie-kuah,makanan,2,9000,QRIS-GOPAY,Dine-In,18000
107,107,2022-01-14,86,Indomie Rasa Mi Kocok Bandung,mie-kuah,makanan,2,10000,CASH,Dine-In,20000
108,108,2022-07-07,8,Indomie Rasa Sop Buntut,mie-kuah,makanan,1,10000,QRIS-GOPAY,Delivery,10000
109,109,2022-06-08,23,indomie Kari Ayam,mie-kuah,makanan,3,9000,QRIS-GOPAY,Dine-In,27000
110,110,2022-04-01,37,indomie Ayam Bawang,mie-kuah,makanan,3,9000,QRIS-OTHERS,Delivery,27000
111,111,2022-02-08,61,Indomie Goreng Spesial,mie-goreng,makanan,2,9000,CASH,Dine-In,18000
112,112,2022-02-15,15,Indomie Soto Mie,mie-kuah,makanan,2,9000,QRIS-GOPAY,Delivery,18000
113,113,2022-02-27,24,Indomie Goreng Sambal Matah,mie-goreng,makanan,2,9000,CASH,Dine-In,18000
114,114,2022-03-08,75,Indomie Rasa Soto Padang,mie-kuah,makanan,3,10000,CASH,Delivery,30000
115,115,2022-05-17,95,Indomie Rasa Mi Kocok Bandung,mie-kuah,makanan,2,10000,QRIS-OTHERS,Delivery,20000
116,116,2022-05-02,22,Indomie Goreng Pedas,mie-goreng,makanan,3,9000,CASH,Dine-In,27000
117,117,2022-04-10,42,Indomie Rasa Soto Betawi,mie-kuah,makanan,3,10000,QRIS-DANA,Delivery,30000
118,118,2022-05-17,41,Indomie Rasa Soto Padang,mie-kuah,makanan,1,10000,QRIS-DANA,Dine-In,10000
119,119,2022-01-24,27,Indomie Goreng Sambal Matah,mie-goreng,makanan,1,9000,QRIS-OVO,Delivery,9000
120,120,2022-02-23,68,Indomie Ayam Spesial,mie-kuah,makanan,1,9000,QRIS-OVO,Delivery,9000
121,121,2022-01-31,4,Indomie Goreng Spesial,mie-goreng,makanan,3,9000,QRIS-GOPAY,Delivery,27000
122,122,2022-02-26,43,Indomie Rasa Empal Gentong,mie-kuah,makanan,2,10000,QRIS-OVO,Dine-In,20000
123,123,2022-05-09,13,Indomie Goreng Aceh,mie-goreng,makanan,3,9000,QRIS-DANA,Delivery,27000
124,124,2022-08-07,28,Indomie Rasa Empal Gentong,mie-kuah,makanan,3,10000,QRIS-DANA,Dine-In,30000
125,125,2022-08-12,53,Indomie Rasa Soto Betawi,mie-kuah,makanan,1,10000,CASH,Delivery,10000
126,126,2022-08-11,50,Indomie Rasa Soto Padang,mie-kuah,makanan,2,10000,QRIS-OTHERS,Dine-In,20000
127,127,2022-01-02,62,Indomie Goreng Aceh,mie-goreng,makanan,2,9000,QRIS-GOPAY,Dine-In,18000
128,128,2022-07-24,18,Indomie Rasa Soto Banjar Limau Kuit,mie-kuah,makanan,1,10000,CASH,Dine-In,10000
129,129,2022-04-18,48,Indomie Goreng Aceh,mie-goreng,makanan,1,9000,CASH,Dine-In,9000
130,130,2022-01-27,48,Indomie Ayam Spesial,mie-kuah,makanan,3,9000,CASH,Dine-In,27000
131,131,2022-02-08,40,Indomie Rasa Soto Betawi,mie-kuah,makanan,3,10000,CASH,Delivery,30000
132,132,2022-04-11,12,Indomie Goreng Rendang,mie-goreng,makanan,3,9000,QRIS-OTHERS,Delivery,27000
133,133,2022-07-11,54,Indomie Goreng Rendang,mie-goreng,makanan,3,9000,QRIS-SHOPEEPAY,Dine-In,27000
134,134,2022-07-06,46,Indomie Rasa Soto Betawi,mie-kuah,makanan,2,10000,QRIS-SHOPEEPAY,Dine-In,20000
135,135,2022-02-10,91,Indomie Rasa Soto Banjar Limau Kuit,mie-kuah,makanan,2,10000,QRIS-SHOPEEPAY,Delivery,20000
136,136,2022-08-25,62,Indomie Goreng Pedas,mie-goreng,makanan,2,9000,QRIS-DANA,Dine-In,18000
137,137,2022-05-23,85,Indomie Rasa Soto Banjar Limau Kuit,mie-kuah,makanan,3,10000,QRIS-SHOPEEPAY,Dine-In,30000
138,138,2022-06-01,30,Indomie Rasa Soto Betawi,mie-kuah,makanan,1,10000,QRIS-OTHERS,Dine-In,10000
139,139,2022-05-06,24,Indomie Goreng Aceh,mie-goreng,makanan,3,9000,QRIS-OTHERS,Delivery,27000
140,140,2022-06-04,71,Indomie Soto Mie,mie-kuah,makanan,1,9000,CASH,Delivery,9000
141,141,2022-03-29,16,Indomie Rasa Soto Banjar Limau Kuit,mie-kuah,makanan,3,10000,QRIS-DANA,Dine-In,30000
142,142,2022-03-15,17,Indomie Rasa Empal Gentong,mie-kuah,makanan,2,10000,QRIS-SHOPEEPAY,Dine-In,20000
143,143,2022-05-18,34,Indomie Baso Sapi,mie-kuah,makanan,2,9000,QRIS-OTHERS,Delivery,18000
144,144,2022-02-26,14,Indomie Rasa Mi Kocok Bandung,mie-kuah,makanan,2,10000,QRIS-GOPAY,Delivery,20000
145,145,2022-02-11,88,Indomie Goreng Aceh,mie-goreng,makanan,1,9000,QRIS-GOPAY,Delivery,9000
146,146,2022-07-31,26,indomie Ayam Bawang,mie-kuah,makanan,1,9000,QRIS-OTHERS,Dine-In,9000
147,147,2022-06-05,18,Indomie Goreng Sambal Matah,mie-goreng,makanan,1,9000,QRIS-SHOPEEPAY,Dine-In,9000
148,148,2022-02-25,39,indomie Ayam Bawang,mie-kuah,makanan,3,9000,QRIS-GOPAY,Delivery,27000
149,149,2022-05-02,39,Indomie Rasa Soto Lamongan,mie-kuah,makanan,3,10000,QRIS-SHOPEEPAY,Dine-In,30000
150,150,2022-06-15,54,indomie Kari Ayam,mie-kuah,makanan,1,9000,QRIS-OVO,Dine-In,9000
151,151,2022-03-20,90,Indomie Goreng Sambal Matah,mie-goreng,makanan,3,9000,QRIS-OTHERS,Dine-In,27000
152,152,2022-06-13,68,Indomie Rasa Soto Banjar Limau Kuit,mie-kuah,makanan,3,10000,QRIS-OVO,Dine-In,30000
153,153,2022-08-11,97,Indomie Rasa Empal Gentong,mie-kuah,makanan,1,10000,QRIS-OVO,Delivery,10000
154,154,2022-05-24,34,indomie Ayam Bawang,mie-kuah,makanan,1,9000,QRIS-DANA,Dine-In,9000
155,155,2022-03-11,80,indomie Kari Ayam,mie-kuah,makanan,1,9000,CASH,Delivery,9000
156,156,2022-06-19,32,Indomie Rasa Empal Gentong,mie-kuah,makanan,1,10000,QRIS-OVO,Delivery,10000
157,157,2022-04-08,72,Indomie Goreng Pedas,mie-goreng,makanan,3,9000,QRIS-DANA,Delivery,27000
158,158,2022-05-01,10,Indomie Rasa Soto Banjar Limau Kuit,mie-kuah,makanan,1,10000,CASH,Dine-In,10000
159,159,2022-05-27,36,Indomie Goreng Sambal Matah,mie-goreng,makanan,1,9000,QRIS-OTHERS,Delivery,9000
160,160,2022-03-19,68,indomie Kari Ayam,mie-kuah,makanan,2,9000,QRIS-SHOPEEPAY,Dine-In,18000
161,161,2022-07-24,34,Indomie Rasa Soto Lamongan,mie-kuah,makanan,1,10000,QRIS-SHOPEEPAY,Delivery,10000
162,162,2022-01-29,47,Indomie Rasa Soto Lamongan,mie-kuah,makanan,1,10000,QRIS-OVO,Dine-In,10000
163,163,2022-06-07,97,Indomie Baso Sapi,mie-kuah,makanan,2,9000,QRIS-SHOPEEPAY,Delivery,18000
164,164,2022-02-05,23,Indomie Rasa Soto Banjar Limau Kuit,mie-kuah,makanan,3,10000,CASH,Delivery,30000
165,165,2022-05-31,35,Indomie Rasa Soto Betawi,mie-kuah,makanan,1,10000,QRIS-GOPAY,Dine-In,10000
166,166,2022-07-09,55,Indomie Rasa Soto Betawi,mie-kuah,makanan,1,10000,QRIS-OTHERS,Dine-In,10000
167,167,2022-07-13,5,Indomie Rasa Soto Banjar Limau Kuit,mie-kuah,makanan,3,10000,QRIS-GOPAY,Dine-In,30000
168,168,2022-07-05,46,Indomie Rasa Soto Betawi,mie-kuah,makanan,2,10000,QRIS-GOPAY,Delivery,20000
169,169,2022-07-28,69,Indomie Rasa Mi Kocok Bandung,mie-kuah,makanan,1,10000,QRIS-OTHERS,Dine-In,10000
170,170,2022-03-12,72,Indomie Rasa Mi Kocok Bandung,mie-kuah,makanan,1,10000,QRIS-OVO,Delivery,10000
171,171,2022-03-23,50,Indomie Rasa Empal Gentong,mie-kuah,makanan,1,10000,QRIS-OTHERS,Dine-In,10000
172,172,2022-03-03,57,Indomie Goreng Cabe Ijo,mie-goreng,makanan,3,9000,QRIS-OVO,Dine-In,27000
173,173,2022-08-18,51,indomie Kari Ayam,mie-kuah,makanan,1,9000,QRIS-OVO,Dine-In,9000
174,174,2022-04-20,16,Indomie Goreng Cabe Ijo,mie-goreng,makanan,2,9000,QRIS-OTHERS,Dine-In,18000
175,175,2022-07-29,58,Indomie Goreng Rendang,mie-goreng,makanan,1,9000,QRIS-DANA,Delivery,9000
176,176,2022-02-02,87,Indomie Rasa Empal Gentong,mie-kuah,makanan,1,10000,QRIS-OVO,Delivery,10000
177,177,2022-02-07,6,Indomie Rasa Mi Kocok Bandung,mie-kuah,makanan,2,10000,QRIS-OVO,Delivery,20000
178,178,2022-08-27,95,indomie Ayam Bawang,mie-kuah,makanan,2,9000,QRIS-SHOPEEPAY,Delivery,18000
179,179,2022-08-17,35,Indomie Rasa Soto Betawi,mie-kuah,makanan,3,10000,QRIS-GOPAY,Delivery,30000
180,180,2022-06-26,18,indomie Kari Ayam,mie-kuah,makanan,1,9000,QRIS-DANA,Delivery,9000
181,181,2022-03-03,89,Indomie Goreng Sambal Matah,mie-goreng,makanan,2,9000,QRIS-OVO,Dine-In,18000
182,182,2022-06-01,33,Indomie Rasa Soto Banjar Limau Kuit,mie-kuah,makanan,3,10000,QRIS-SHOPEEPAY,Dine-In,30000
183,183,2022-07-30,19,Indomie Rasa Mi Kocok Bandung,mie-kuah,makanan,2,10000,QRIS-GOPAY,Dine-In,20000
184,184,2022-01-13,1,indomie Ayam Bawang,mie-kuah,makanan,2,9000,QRIS-OTHERS,Dine-In,18000
185,185,2022-07-30,65,Indomie Goreng Pedas,mie-goreng,makanan,1,9000,QRIS-SHOPEEPAY,Dine-In,9000
186,186,2022-07-29,93,Indomie Rasa Sop Buntut,mie-kuah,makanan,3,10000,QRIS-OVO,Dine-In,30000
187,187,2022-05-24,84,Indomie Rasa Soto Lamongan,mie-kuah,makanan,1,10000,QRIS-OVO,Dine-In,10000
188,188,2022-01-24,72,Indomie Baso Sapi,mie-kuah,makanan,2,9000,QRIS-DANA,Delivery,18000
189,189,2022-08-14,60,indomie Ayam Bawang,mie-kuah,makanan,1,9000,QRIS-DANA,Dine-In,9000
190,190,2022-03-31,97,indomie Ayam Bawang,mie-kuah,makanan,3,9000,QRIS-OTHERS,Dine-In,27000
191,191,2022-07-07,60,indomie Kari Ayam,mie-kuah,makanan,1,9000,QRIS-DANA,Delivery,9000
192,192,2022-06-02,26,Indomie Rasa Soto Banjar Limau Kuit,mie-kuah,makanan,1,10000,QRIS-OTHERS,Delivery,10000
193,193,2022-03-21,4,Indomie Rasa Soto Padang,mie-kuah,makanan,2,10000,QRIS-SHOPEEPAY,Delivery,20000
194,194,2022-01-29,96,Indomie Goreng Cabe Ijo,mie-goreng,makanan,1,9000,CASH,Dine-In,9000
195,195,2022-02-08,22,Indomie Rasa Soto Banjar Limau Kuit,mie-kuah,makanan,2,10000,QRIS-OVO,Dine-In,20000
196,196,2022-07-05,6,Indomie Rasa Soto Banjar Limau Kuit,mie-kuah,makanan,1,10000,QRIS-GOPAY,Dine-In,10000
197,197,2022-02-27,18,Indomie Soto Mie,mie-kuah,makanan,3,9000,QRIS-DANA,Delivery,27000
198,198,2022-02-26,15,Indomie Ayam Spesial,mie-kuah,makanan,3,9000,QRIS-DANA,Dine-In,27000
199,199,2022-07-16,20,Indomie Goreng Sambal Matah,mie-goreng,makanan,1,9000,CASH,Delivery,9000
200,200,2022-07-15,58,Indomie Ayam Spesial,mie-kuah,makanan,2,9000,QRIS-GOPAY,Dine-In,18000
201,201,2022-06-06,39,Indomie Goreng Pedas,mie-goreng,makanan,3,9000,CASH,Dine-In,27000
202,202,2022-08-18,12,Indomie Goreng Rendang,mie-goreng,makanan,2,9000,QRIS-DANA,Dine-In,18000
203,203,2022-08-16,44,Indomie Goreng Pedas,mie-goreng,makanan,1,9000,CASH,Dine-In,9000
204,204,2022-06-01,56,Indomie Rasa Soto Lamongan,mie-kuah,makanan,3,10000,CASH,Dine-In,30000
205,205,2022-02-16,9,Indomie Rasa Sop Buntut,mie-kuah,makanan,2,10000,CASH,Dine-In,20000
206,206,2022-01-02,12,Indomie Rasa Empal Gentong,mie-kuah,makanan,2,10000,QRIS-GOPAY,Dine-In,20000
207,207,2022-05-31,28,Indomie Rasa Soto Padang,mie-kuah,makanan,3,10000,CASH,Dine-In,30000
208,208,2022-07-18,32,Indomie Rasa Soto Padang,mie-kuah,makanan,3,10000,QRIS-SHOPEEPAY,Dine-In,30000
209,209,2022-01-25,78,indomie Kari Ayam,mie-kuah,makanan,2,9000,QRIS-OTHERS,Delivery,18000
210,210,2022-08-17,16,Indomie Goreng Spesial,mie-goreng,makanan,1,9000,QRIS-GOPAY,Dine-In,9000
211,211,2022-07-05,48,indomie Kari Ayam,mie-kuah,makanan,2,9000,QRIS-GOPAY,Dine-In,18000
212,212,2022-08-26,29,Indomie Rasa Empal Gentong,mie-kuah,makanan,3,10000,QRIS-OTHERS,Dine-In,30000
213,213,2022-06-29,21,indomie Kari Ayam,mie-kuah,makanan,3,9000,QRIS-OVO,Dine-In,27000
214,214,2022-02-15,48,Indomie Rasa Soto Banjar Limau Kuit,mie-kuah,makanan,2,10000,QRIS-OVO,Delivery,20000
215,215,2022-02-25,15,Indomie Rasa Mi Kocok Bandung,mie-kuah,makanan,3,10000,QRIS-SHOPEEPAY,Delivery,30000
216,216,2022-02-06,29,Indomie Rasa Soto Padang,mie-kuah,makanan,1,10000,CASH,Delivery,10000
217,217,2022-08-04,30,Indomie Goreng Aceh,mie-goreng,makanan,3,9000,QRIS-GOPAY,Delivery,27000
218,218,2022-07-16,51,Indomie Rasa Mi Kocok Bandung,mie-kuah,makanan,1,10000,QRIS-OTHERS,Delivery,10000
219,219,2022-03-26,98,Indomie Goreng Spesial,mie-goreng,makanan,3,9000,QRIS-DANA,Delivery,27000
220,220,2022-02-18,46,Indomie Rasa Empal Gentong,mie-kuah,makanan,3,10000,QRIS-OVO,Dine-In,30000
221,221,2022-06-19,14,Indomie Ayam Spesial,mie-kuah,makanan,1,9000,CASH,Delivery,9000
222,222,2022-04-06,18,Indomie Rasa Soto Banjar Limau Kuit,mie-kuah,makanan,1,10000,QRIS-OTHERS,Dine-In,10000
223,223,2022-02-15,75,Indomie Rasa Soto Banjar Limau Kuit,mie-kuah,makanan,2,10000,QRIS-OVO,Dine-In,20000
224,224,2022-01-07,72,Indomie Baso Sapi,mie-kuah,makanan,2,9000,QRIS-DANA,Dine-In,18000
225,225,2022-05-11,87,Indomie Goreng Sambal Matah,mie-goreng,makanan,3,9000,QRIS-GOPAY,Dine-In,27000
226,226,2022-06-27,16,Indomie Rasa Soto Padang,mie-kuah,makanan,1,10000,QRIS-OTHERS,Delivery,10000
227,227,2022-07-20,20,Indomie Rasa Soto Banjar Limau Kuit,mie-kuah,makanan,2,10000,QRIS-OVO,Dine-In,20000
228,228,2022-08-26,32,Indomie Rasa Soto Lamongan,mie-kuah,makanan,1,10000,QRIS-OTHERS,Delivery,10000
229,229,2022-04-29,78,Indomie Goreng Sambal Matah,mie-goreng,makanan,1,9000,QRIS-OTHERS,Delivery,9000
230,230,2022-03-20,45,Indomie Rasa Empal Gentong,mie-kuah,makanan,2,10000,QRIS-OVO,Dine-In,20000
231,231,2022-06-09,66,Indomie Goreng Spesial,mie-goreng,makanan,2,9000,CASH,Dine-In,18000
232,232,2022-01-29,50,Indomie Rasa Soto Betawi,mie-kuah,makanan,2,10000,CASH,Dine-In,20000
233,233,2022-03-21,2,Indomie Goreng Cabe Ijo,mie-goreng,makanan,3,9000,CASH,Dine-In,27000
234,234,2022-04-29,74,Indomie Rasa Soto Banjar Limau Kuit,mie-kuah,makanan,1,10000,QRIS-OTHERS,Dine-In,10000
235,235,2022-06-22,72,Indomie Rasa Mi Kocok Bandung,mie-kuah,makanan,1,10000,CASH,Dine-In,10000
236,236,2022-01-24,3,Indomie Rasa Soto Banjar Limau Kuit,mie-kuah,makanan,1,10000,QRIS-GOPAY,Delivery,10000
237,237,2022-06-13,60,Indomie Rasa Soto Padang,mie-kuah,makanan,2,10000,QRIS-OTHERS,Delivery,20000
238,238,2022-05-31,28,Indomie Goreng Sambal Matah,mie-goreng,makanan,3,9000,QRIS-OVO,Delivery,27000
239,239,2022-01-03,93,Indomie Ayam Spesial,mie-kuah,makanan,3,9000,QRIS-GOPAY,Delivery,27000
240,240,2022-01-25,74,Indomie Goreng Cabe Ijo,mie-goreng,makanan,2,9000,CASH,Delivery,18000
241,241,2022-04-06,73,indomie Ayam Bawang,mie-kuah,makanan,1,9000,QRIS-DANA,Delivery,9000
242,242,2022-02-17,66,Indomie Ayam Spesial,mie-kuah,makanan,1,9000,CASH,Delivery,9000
243,243,2022-08-08,79,Indomie Ayam Spesial,mie-kuah,makanan,3,9000,QRIS-OTHERS,Delivery,27000
244,244,2022-03-22,80,Indomie Rasa Mi Kocok Bandung,mie-kuah,makanan,3,10000,QRIS-SHOPEEPAY,Delivery,30000
245,245,2022-04-11,74,Indomie Goreng Cabe Ijo,mie-goreng,makanan,3,9000,QRIS-GOPAY,Delivery,27000
246,246,2022-02-09,12,Indomie Rasa Soto Lamongan,mie-kuah,makanan,1,10000,QRIS-OVO,Delivery,10000
247,247,2022-03-25,42,Indomie Rasa Soto Lamongan,mie-kuah,makanan,1,10000,QRIS-OTHERS,Dine-In,10000
248,248,2022-04-13,22,Indomie Rasa Soto Betawi,mie-kuah,makanan,3,10000,QRIS-SHOPEEPAY,Dine-In,30000
249,249,2022-05-12,24,Indomie Goreng Spesial,mie-goreng,makanan,2,9000,CASH,Delivery,18000
250,250,2022-04-23,100,Indomie Rasa Sop Buntut,mie-kuah,makanan,1,10000,CASH,Delivery,10000
251,251,2022-02-02,100,Indomie Goreng Aceh,mie-goreng,makanan,2,9000,CASH,Delivery,18000
252,252,2022-06-18,61,Indomie Goreng Aceh,mie-goreng,makanan,2,9000,CASH,Dine-In,18000
253,253,2022-06-11,27,Indomie Rasa Soto Betawi,mie-kuah,makanan,3,10000,QRIS-OVO,Dine-In,30000
254,254,2022-05-10,64,Indomie Goreng Cabe Ijo,mie-goreng,makanan,1,9000,CASH,Delivery,9000
255,255,2022-01-14,21,Indomie Rasa Soto Banjar Limau Kuit,mie-kuah,makanan,1,10000,QRIS-DANA,Dine-In,10000
256,256,2022-01-28,80,Indomie Rasa Soto Lamongan,mie-kuah,makanan,3,10000,CASH,Dine-In,30000
257,257,2022-04-11,3,Indomie Rasa Soto Padang,mie-kuah,makanan,2,10000,QRIS-DANA,Delivery,20000
258,258,2022-03-26,34,Indomie Goreng Sambal Matah,mie-goreng,makanan,1,9000,QRIS-OTHERS,Dine-In,9000
259,259,2022-02-22,39,indomie Kari Ayam,mie-kuah,makanan,3,9000,CASH,Delivery,27000
260,260,2022-06-27,24,indomie Kari Ayam,mie-kuah,makanan,2,9000,QRIS-DANA,Delivery,18000
261,261,2022-07-20,56,Indomie Rasa Soto Lamongan,mie-kuah,makanan,1,10000,CASH,Delivery,10000
262,262,2022-05-14,15,Indomie Goreng Aceh,mie-goreng,makanan,3,9000,QRIS-DANA,Delivery,27000
263,263,2022-01-05,81,Indomie Goreng Cabe Ijo,mie-goreng,makanan,1,9000,QRIS-OVO,Dine-In,9000
264,264,2022-02-28,67,Indomie Goreng Rendang,mie-goreng,makanan,1,9000,QRIS-OVO,Delivery,9000
265,265,2022-02-25,91,Indomie Soto Mie,mie-kuah,makanan,3,9000,CASH,Dine-In,27000
266,266,2022-06-30,11,Indomie Rasa Mi Kocok Bandung,mie-kuah,makanan,1,10000,QRIS-SHOPEEPAY,Delivery,10000
267,267,2022-08-16,64,Indomie Goreng Pedas,mie-goreng,makanan,3,9000,QRIS-OVO,Dine-In,27000
268,268,2022-06-06,99,Indomie Rasa Sop Buntut,mie-kuah,makanan,1,10000,QRIS-SHOPEEPAY,Dine-In,10000
269,269,2022-05-11,6,Indomie Rasa Mi Kocok Bandung,mie-kuah,makanan,2,10000,QRIS-GOPAY,Delivery,20000
270,270,2022-05-26,35,Indomie Ayam Spesial,mie-kuah,makanan,1,9000,QRIS-OTHERS,Delivery,9000
271,271,2022-05-26,63,Indomie Rasa Empal Gentong,mie-kuah,makanan,3,10000,QRIS-OTHERS,Dine-In,30000
272,272,2022-07-18,27,Indomie Rasa Soto Lamongan,mie-kuah,makanan,2,10000,QRIS-DANA,Dine-In,20000
273,273,2022-05-29,63,Indomie Baso Sapi,mie-kuah,makanan,3,9000,QRIS-DANA,Dine-In,27000
274,274,2022-01-06,21,indomie Kari Ayam,mie-kuah,makanan,1,9000,QRIS-DANA,Dine-In,9000
275,275,2022-01-10,1,Indomie Goreng Aceh,mie-goreng,makanan,2,9000,QRIS-GOPAY,Delivery,18000
276,276,2022-06-07,25,Indomie Goreng Rendang,mie-goreng,makanan,3,9000,QRIS-DANA,Dine-In,27000
277,277,2022-08-29,92,Indomie Goreng Spesial,mie-goreng,makanan,1,9000,QRIS-DANA,Dine-In,9000
278,278,2022-01-22,94,Indomie Rasa Soto Betawi,mie-kuah,makanan,3,10000,QRIS-DANA,Dine-In,30000
279,279,2022-02-23,33,Indomie Rasa Sop Buntut,mie-kuah,makanan,2,10000,CASH,Dine-In,20000
280,280,2022-04-27,39,Indomie Soto Mie,mie-kuah,makanan,3,9000,QRIS-GOPAY,Dine-In,27000
281,281,2022-05-17,64,Indomie Goreng Cabe Ijo,mie-goreng,makanan,3,9000,QRIS-GOPAY,Dine-In,27000
282,282,2022-01-18,84,Indomie Rasa Soto Banjar Limau Kuit,mie-kuah,makanan,3,10000,QRIS-GOPAY,Dine-In,30000
283,283,2022-05-03,24,Indomie Baso Sapi,mie-kuah,makanan,2,9000,CASH,Delivery,18000
284,284,2022-08-18,9,Indomie Rasa Mi Kocok Bandung,mie-kuah,makanan,3,10000,QRIS-GOPAY,Dine-In,30000
285,285,2022-07-23,27,Indomie Rasa Soto Betawi,mie-kuah,makanan,3,10000,CASH,Delivery,30000
286,286,2022-07-24,23,Indomie Baso Sapi,mie-kuah,makanan,3,9000,QRIS-DANA,Dine-In,27000
287,287,2022-05-29,93,Indomie Rasa Mi Kocok Bandung,mie-kuah,makanan,2,10000,QRIS-OTHERS,Delivery,20000
288,288,2022-02-08,68,Indomie Goreng Pedas,mie-goreng,makanan,2,9000,QRIS-OVO,Delivery,18000
289,289,2022-02-25,24,Indomie Rasa Soto Lamongan,mie-kuah,makanan,1,10000,QRIS-GOPAY,Delivery,10000
290,290,2022-03-22,80,Indomie Soto Mie,mie-kuah,makanan,1,9000,QRIS-OTHERS,Delivery,9000
291,291,2022-01-23,19,Indomie Goreng Rendang,mie-goreng,makanan,3,9000,QRIS-OTHERS,Dine-In,27000
292,292,2022-04-27,48,Indomie Goreng Cabe Ijo,mie-goreng,makanan,1,9000,QRIS-DANA,Dine-In,9000
293,293,2022-03-03,79,Indomie Rasa Mi Kocok Bandung,mie-kuah,makanan,2,10000,CASH,Delivery,20000
294,294,2022-08-23,28,Indomie Rasa Soto Padang,mie-kuah,makanan,3,10000,QRIS-DANA,Dine-In,30000
295,295,2022-02-22,59,indomie Ayam Bawang,mie-kuah,makanan,2,9000,QRIS-GOPAY,Dine-In,18000
296,296,2022-03-06,13,Indomie Ayam Spesial,mie-kuah,makanan,3,9000,QRIS-DANA,Delivery,27000
297,297,2022-04-23,30,Indomie Goreng Sambal Matah,mie-goreng,makanan,1,9000,QRIS-DANA,Dine-In,9000
298,298,2022-08-30,75,Indomie Baso Sapi,mie-kuah,makanan,2,9000,QRIS-OVO,Delivery,18000
299,299,2022-03-27,44,Indomie Rasa Empal Gentong,mie-kuah,makanan,1,10000,CASH,Delivery,10000
300,300,2022-05-31,37,Indomie Goreng Sambal Matah,mie-goreng,makanan,3,9000,QRIS-DANA,Dine-In,27000
301,301,2022-02-20,6,Indomie Rasa Soto Banjar Limau Kuit,mie-kuah,makanan,3,10000,QRIS-GOPAY,Dine-In,30000
302,302,2022-01-08,47,Indomie Rasa Sop Buntut,mie-kuah,makanan,3,10000,QRIS-SHOPEEPAY,Dine-In,30000
303,303,2022-02-07,9,Indomie Baso Sapi,mie-kuah,makanan,3,9000,QRIS-SHOPEEPAY,Delivery,27000
304,304,2022-07-01,95,Indomie Ayam Spesial,mie-kuah,makanan,3,9000,QRIS-OTHERS,Delivery,27000
305,305,2022-04-24,37,Indomie Rasa Soto Lamongan,mie-kuah,makanan,3,10000,QRIS-OTHERS,Dine-In,30000
306,306,2022-07-08,87,Indomie Goreng Sambal Matah,mie-goreng,makanan,3,9000,QRIS-GOPAY,Delivery,27000
307,307,2022-06-13,82,Indomie Goreng Pedas,mie-goreng,makanan,2,9000,QRIS-GOPAY,Delivery,18000
308,308,2022-05-03,3,Indomie Rasa Soto Betawi,mie-kuah,makanan,3,10000,CASH,Delivery,30000
309,309,2022-07-23,83,Indomie Goreng Sambal Matah,mie-goreng,makanan,1,9000,QRIS-GOPAY,Delivery,9000
310,310,2022-03-25,61,indomie Kari Ayam,mie-kuah,makanan,3,9000,QRIS-SHOPEEPAY,Dine-In,27000
311,311,2022-02-12,89,Indomie Ayam Spesial,mie-kuah,makanan,2,9000,QRIS-OTHERS,Dine-In,18000
312,312,2022-07-24,21,Indomie Goreng Spesial,mie-goreng,makanan,3,9000,QRIS-DANA,Delivery,27000
313,313,2022-02-07,9,indomie Kari Ayam,mie-kuah,makanan,1,9000,QRIS-DANA,Dine-In,9000
314,314,2022-01-14,16,Indomie Rasa Sop Buntut,mie-kuah,makanan,1,10000,QRIS-SHOPEEPAY,Delivery,10000
315,315,2022-07-12,82,Indomie Goreng Spesial,mie-goreng,makanan,1,9000,CASH,Dine-In,9000
316,316,2022-06-22,49,Indomie Baso Sapi,mie-kuah,makanan,3,9000,QRIS-DANA,Dine-In,27000
317,317,2022-02-04,22,Indomie Goreng Cabe Ijo,mie-goreng,makanan,1,9000,QRIS-DANA,Dine-In,9000
318,318,2022-06-22,74,Indomie Goreng Rendang,mie-goreng,makanan,1,9000,QRIS-GOPAY,Delivery,9000
319,319,2022-06-06,79,Indomie Goreng Rendang,mie-goreng,makanan,2,9000,QRIS-SHOPEEPAY,Delivery,18000
320,320,2022-03-15,56,Indomie Rasa Soto Banjar Limau Kuit,mie-kuah,makanan,3,10000,QRIS-SHOPEEPAY,Delivery,30000
321,321,2022-08-23,80,Indomie Goreng Spesial,mie-goreng,makanan,3,9000,QRIS-DANA,Delivery,27000
322,322,2022-08-11,66,Indomie Goreng Aceh,mie-goreng,makanan,2,9000,QRIS-SHOPEEPAY,Delivery,18000
323,323,2022-01-26,82,Indomie Goreng Spesial,mie-goreng,makanan,2,9000,QRIS-DANA,Dine-In,18000
324,324,2022-05-17,8,Indomie Goreng Spesial,mie-goreng,makanan,2,9000,CASH,Dine-In,18000
325,325,2022-01-11,70,Indomie Rasa Soto Betawi,mie-kuah,makanan,2,10000,CASH,Delivery,20000
326,326,2022-07-15,20,Indomie Rasa Mi Kocok Bandung,mie-kuah,makanan,3,10000,CASH,Delivery,30000
327,327,2022-05-31,79,Indomie Rasa Soto Betawi,mie-kuah,makanan,1,10000,QRIS-GOPAY,Delivery,10000
328,328,2022-04-07,69,Indomie Rasa Soto Betawi,mie-kuah,makanan,1,10000,QRIS-DANA,Dine-In,10000
329,329,2022-04-01,52,Indomie Goreng Rendang,mie-goreng,makanan,2,9000,QRIS-GOPAY,Dine-In,18000
330,330,2022-06-05,8,Indomie Rasa Sop Buntut,mie-kuah,makanan,3,10000,QRIS-DANA,Dine-In,30000
331,331,2022-02-20,68,Indomie Rasa Empal Gentong,mie-kuah,makanan,1,10000,QRIS-DANA,Dine-In,10000
332,332,2022-02-15,84,Indomie Soto Mie,mie-kuah,makanan,3,9000,CASH,Delivery,27000
333,333,2022-01-05,74,Indomie Goreng Pedas,mie-goreng,makanan,1,9000,CASH,Dine-In,9000
334,334,2022-07-30,39,indomie Ayam Bawang,mie-kuah,makanan,2,9000,QRIS-OTHERS,Dine-In,18000
335,335,2022-05-15,54,Indomie Rasa Mi Kocok Bandung,mie-kuah,makanan,2,10000,QRIS-OVO,Dine-In,20000
336,336,2022-07-19,80,Indomie Goreng Spesial,mie-goreng,makanan,1,9000,QRIS-OVO,Delivery,9000
337,337,2022-04-26,21,Indomie Rasa Soto Betawi,mie-kuah,makanan,1,10000,QRIS-DANA,Delivery,10000
338,338,2022-07-10,26,Indomie Rasa Soto Betawi,mie-kuah,makanan,1,10000,CASH,Delivery,10000
339,339,2022-02-05,78,Indomie Goreng Cabe Ijo,mie-goreng,makanan,3,9000,QRIS-OVO,Delivery,27000
340,340,2022-06-08,69,Indomie Goreng Sambal Matah,mie-goreng,makanan,1,9000,QRIS-OTHERS,Delivery,9000
341,341,2022-01-14,96,Indomie Rasa Mi Kocok Bandung,mie-kuah,makanan,3,10000,QRIS-OVO,Dine-In,30000
342,342,2022-01-28,96,indomie Ayam Bawang,mie-kuah,makanan,1,9000,QRIS-OTHERS,Dine-In,9000
343,343,2022-07-19,49,Indomie Rasa Soto Betawi,mie-kuah,makanan,2,10000,CASH,Dine-In,20000
344,344,2022-07-08,44,Indomie Rasa Soto Banjar Limau Kuit,mie-kuah,makanan,1,10000,CASH,Dine-In,10000
345,345,2022-03-15,30,Indomie Rasa Sop Buntut,mie-kuah,makanan,2,10000,CASH,Delivery,20000
346,346,2022-04-20,7,indomie Kari Ayam,mie-kuah,makanan,2,9000,QRIS-OVO,Dine-In,18000
347,347,2022-01-03,79,Indomie Rasa Soto Lamongan,mie-kuah,makanan,1,10000,QRIS-OTHERS,Dine-In,10000
348,348,2022-08-06,39,Indomie Rasa Soto Banjar Limau Kuit,mie-kuah,makanan,2,10000,CASH,Dine-In,20000
349,349,2022-01-07,54,Indomie Rasa Soto Banjar Limau Kuit,mie-kuah,makanan,2,10000,QRIS-DANA,Dine-In,20000
350,350,2022-05-27,6,Indomie Rasa Empal Gentong,mie-kuah,makanan,3,10000,QRIS-SHOPEEPAY,Delivery,30000
351,351,2022-04-25,29,Indomie Rasa Soto Padang,mie-kuah,makanan,3,10000,QRIS-GOPAY,Dine-In,30000
352,352,2022-03-10,32,Indomie Goreng Pedas,mie-goreng,makanan,3,9000,QRIS-DANA,Dine-In,27000
353,353,2022-05-17,83,Indomie Rasa Soto Betawi,mie-kuah,makanan,2,10000,CASH,Delivery,20000
354,354,2022-03-25,77,Indomie Rasa Soto Banjar Limau Kuit,mie-kuah,makanan,1,10000,QRIS-SHOPEEPAY,Delivery,10000
355,355,2022-01-16,68,Indomie Goreng Rendang,mie-goreng,makanan,1,9000,QRIS-GOPAY,Dine-In,9000
356,356,2022-02-28,36,Indomie Rasa Soto Betawi,mie-kuah,makanan,2,10000,QRIS-OVO,Dine-In,20000
357,357,2022-08-14,4,Indomie Rasa Soto Betawi,mie-kuah,makanan,2,10000,QRIS-DANA,Dine-In,20000
358,358,2022-01-10,68,indomie Ayam Bawang,mie-kuah,makanan,1,9000,CASH,Delivery,9000
359,359,2022-01-10,26,Indomie Rasa Soto Lamongan,mie-kuah,makanan,1,10000,QRIS-DANA,Dine-In,10000
360,360,2022-08-16,100,Indomie Soto Mie,mie-kuah,makanan,2,9000,QRIS-SHOPEEPAY,Delivery,18000
361,361,2022-08-10,58,Indomie Goreng Cabe Ijo,mie-goreng,makanan,3,9000,QRIS-GOPAY,Delivery,27000
362,362,2022-01-11,96,Indomie Goreng Rendang,mie-goreng,makanan,2,9000,QRIS-SHOPEEPAY,Dine-In,18000
363,363,2022-05-12,84,Indomie Rasa Soto Lamongan,mie-kuah,makanan,2,10000,QRIS-DANA,Delivery,20000
364,364,2022-06-07,12,Indomie Goreng Cabe Ijo,mie-goreng,makanan,2,9000,QRIS-SHOPEEPAY,Delivery,18000
365,365,2022-05-12,7,Indomie Rasa Soto Betawi,mie-kuah,makanan,3,10000,QRIS-OTHERS,Delivery,30000
366,366,2022-07-31,69,Indomie Rasa Empal Gentong,mie-kuah,makanan,3,10000,QRIS-OTHERS,Delivery,30000
367,367,2022-05-29,48,Indomie Goreng Cabe Ijo,mie-goreng,makanan,1,9000,QRIS-GOPAY,Delivery,9000
368,368,2022-04-26,39,Indomie Goreng Cabe Ijo,mie-goreng,makanan,2,9000,QRIS-SHOPEEPAY,Dine-In,18000
369,369,2022-04-18,18,Indomie Rasa Soto Banjar Limau Kuit,mie-kuah,makanan,3,10000,QRIS-OVO,Dine-In,30000
370,370,2022-02-21,52,Indomie Rasa Soto Betawi,mie-kuah,makanan,3,10000,QRIS-GOPAY,Delivery,30000
371,371,2022-01-27,94,Indomie Goreng Rendang,mie-goreng,makanan,2,9000,CASH,Dine-In,18000
372,372,2022-01-30,18,Indomie Goreng Pedas,mie-goreng,makanan,1,9000,QRIS-GOPAY,Dine-In,9000
373,373,2022-06-19,1,Indomie Rasa Soto Betawi,mie-kuah,makanan,1,10000,QRIS-DANA,Dine-In,10000
374,374,2022-06-24,8,Indomie Rasa Soto Betawi,mie-kuah,makanan,2,10000,CASH,Delivery,20000
375,375,2022-04-07,80,Indomie Baso Sapi,mie-kuah,makanan,1,9000,QRIS-SHOPEEPAY,Dine-In,9000
376,376,2022-04-09,56,Indomie Rasa Empal Gentong,mie-kuah,makanan,2,10000,QRIS-OVO,Delivery,20000
377,377,2022-03-06,38,Indomie Baso Sapi,mie-kuah,makanan,2,9000,CASH,Delivery,18000
378,378,2022-06-18,60,Indomie Ayam Spesial,mie-kuah,makanan,3,9000,QRIS-DANA,Delivery,27000
379,379,2022-07-10,75,Indomie Rasa Empal Gentong,mie-kuah,makanan,1,10000,QRIS-SHOPEEPAY,Dine-In,10000
380,380,2022-02-24,40,Indomie Rasa Soto Lamongan,mie-kuah,makanan,1,10000,QRIS-GOPAY,Dine-In,10000
381,381,2022-05-15,32,Indomie Goreng Spesial,mie-goreng,makanan,1,9000,QRIS-SHOPEEPAY,Delivery,9000
382,382,2022-05-05,56,indomie Kari Ayam,mie-kuah,makanan,3,9000,QRIS-OTHERS,Dine-In,27000
383,383,2022-05-22,5,Indomie Goreng Cabe Ijo,mie-goreng,makanan,2,9000,QRIS-OTHERS,Dine-In,18000
384,384,2022-03-14,9,Indomie Rasa Sop Buntut,mie-kuah,makanan,2,10000,QRIS-GOPAY,Dine-In,20000
385,385,2022-07-01,18,Indomie Rasa Sop Buntut,mie-kuah,makanan,1,10000,CASH,Delivery,10000
386,386,2022-01-20,15,Indomie Goreng Pedas,mie-goreng,makanan,1,9000,QRIS-GOPAY,Dine-In,9000
387,387,2022-04-21,19,Indomie Rasa Soto Banjar Limau Kuit,mie-kuah,makanan,2,10000,QRIS-GOPAY,Dine-In,20000
388,388,2022-08-05,7,Indomie Goreng Rendang,mie-goreng,makanan,2,9000,QRIS-OTHERS,Dine-In,18000
389,389,2022-07-05,2,Indomie Rasa Empal Gentong,mie-kuah,makanan,1,10000,QRIS-SHOPEEPAY,Dine-In,10000
390,390,2022-07-23,97,indomie Kari Ayam,mie-kuah,makanan,1,9000,QRIS-GOPAY,Delivery,9000
391,391,2022-08-20,36,Indomie Rasa Empal Gentong,mie-kuah,makanan,2,10000,CASH,Dine-In,20000
392,392,2022-03-18,9,Indomie Goreng Spesial,mie-goreng,makanan,1,9000,QRIS-DANA,Delivery,9000
393,393,2022-07-17,85,Indomie Goreng Pedas,mie-goreng,makanan,2,9000,CASH,Delivery,18000
394,394,2022-07-24,88,Indomie Rasa Soto Betawi,mie-kuah,makanan,2,10000,QRIS-OVO,Delivery,20000
395,395,2022-08-29,98,Indomie Rasa Soto Padang,mie-kuah,makanan,2,10000,QRIS-DANA,Dine-In,20000
396,396,2022-07-03,57,Indomie Soto Mie,mie-kuah,makanan,2,9000,QRIS-OVO,Delivery,18000
397,397,2022-08-17,74,Indomie Goreng Rendang,mie-goreng,makanan,1,9000,QRIS-SHOPEEPAY,Dine-In,9000
398,398,2022-04-20,52,Indomie Rasa Soto Lamongan,mie-kuah,makanan,3,10000,QRIS-GOPAY,Delivery,30000
399,399,2022-04-21,46,Indomie Rasa Soto Lamongan,mie-kuah,makanan,1,10000,CASH,Dine-In,10000
400,400,2022-03-27,34,indomie Ayam Bawang,mie-kuah,makanan,3,9000,QRIS-GOPAY,Delivery,27000
401,401,2022-03-07,70,Indomie Rasa Soto Padang,mie-kuah,makanan,3,10000,QRIS-OTHERS,Dine-In,30000
402,402,2022-05-27,66,Indomie Goreng Rendang,mie-goreng,makanan,2,9000,QRIS-OTHERS,Dine-In,18000
403,403,2022-04-17,56,Indomie Rasa Sop Buntut,mie-kuah,makanan,2,10000,CASH,Delivery,20000
404,404,2022-02-07,6,Indomie Baso Sapi,mie-kuah,makanan,3,9000,QRIS-OTHERS,Delivery,27000
405,405,2022-05-07,87,indomie Kari Ayam,mie-kuah,makanan,3,9000,QRIS-OTHERS,Dine-In,27000
406,406,2022-03-06,97,Indomie Goreng Spesial,mie-goreng,makanan,2,9000,QRIS-GOPAY,Delivery,18000
407,407,2022-05-16,72,Indomie Baso Sapi,mie-kuah,makanan,2,9000,QRIS-OVO,Delivery,18000
408,408,2022-05-18,84,Indomie Rasa Soto Betawi,mie-kuah,makanan,2,10000,QRIS-OVO,Dine-In,20000
409,409,2022-05-17,38,indomie Kari Ayam,mie-kuah,makanan,1,9000,QRIS-DANA,Delivery,9000
410,410,2022-03-12,53,indomie Kari Ayam,mie-kuah,makanan,3,9000,QRIS-DANA,Delivery,27000
411,411,2022-05-02,10,Indomie Rasa Sop Buntut,mie-kuah,makanan,2,10000,QRIS-OVO,Dine-In,20000
412,412,2022-04-08,94,Indomie Ayam Spesial,mie-kuah,makanan,3,9000,CASH,Dine-In,27000
413,413,2022-01-28,91,Indomie Goreng Pedas,mie-goreng,makanan,3,9000,QRIS-OVO,Dine-In,27000
414,414,2022-07-23,73,Indomie Rasa Empal Gentong,mie-kuah,makanan,2,10000,QRIS-OVO,Dine-In,20000
415,415,2022-02-26,55,Indomie Goreng Cabe Ijo,mie-goreng,makanan,1,9000,QRIS-DANA,Dine-In,9000
416,416,2022-03-23,11,Indomie Rasa Soto Betawi,mie-kuah,makanan,1,10000,QRIS-GOPAY,Dine-In,10000
417,417,2022-04-09,11,Indomie Rasa Sop Buntut,mie-kuah,makanan,1,10000,QRIS-SHOPEEPAY,Dine-In,10000
418,418,2022-05-24,63,Indomie Goreng Pedas,mie-goreng,makanan,2,9000,QRIS-GOPAY,Dine-In,18000
419,419,2022-06-11,83,Indomie Goreng Pedas,mie-goreng,makanan,3,9000,QRIS-SHOPEEPAY,Delivery,27000
420,420,2022-05-10,2,Indomie Rasa Sop Buntut,mie-kuah,makanan,1,10000,QRIS-GOPAY,Dine-In,10000
421,421,2022-02-06,59,Indomie Rasa Empal Gentong,mie-kuah,makanan,3,10000,QRIS-OVO,Delivery,30000
422,422,2022-05-28,34,indomie Kari Ayam,mie-kuah,makanan,3,9000,QRIS-SHOPEEPAY,Dine-In,27000
423,423,2022-07-18,99,Indomie Goreng Cabe Ijo,mie-goreng,makanan,1,9000,QRIS-DANA,Dine-In,9000
424,424,2022-06-22,53,Indomie Baso Sapi,mie-kuah,makanan,2,9000,QRIS-GOPAY,Dine-In,18000
425,425,2022-03-31,40,Indomie Goreng Sambal Matah,mie-goreng,makanan,1,9000,QRIS-OVO,Delivery,9000
426,426,2022-03-14,34,Indomie Soto Mie,mie-kuah,makanan,1,9000,CASH,Dine-In,9000
427,427,2022-07-20,21,Indomie Rasa Soto Banjar Limau Kuit,mie-kuah,makanan,3,10000,QRIS-DANA,Delivery,30000
428,428,2022-06-03,50,Indomie Rasa Soto Banjar Limau Kuit,mie-kuah,makanan,2,10000,CASH,Dine-In,20000
429,429,2022-01-25,13,Indomie Soto Mie,mie-kuah,makanan,3,9000,QRIS-GOPAY,Dine-In,27000
430,430,2022-05-10,89,Indomie Goreng Aceh,mie-goreng,makanan,1,9000,QRIS-DANA,Delivery,9000
431,431,2022-05-13,55,indomie Ayam Bawang,mie-kuah,makanan,3,9000,QRIS-SHOPEEPAY,Dine-In,27000
432,432,2022-05-29,42,indomie Kari Ayam,mie-kuah,makanan,3,9000,CASH,Delivery,27000
433,433,2022-08-21,10,Indomie Goreng Sambal Matah,mie-goreng,makanan,2,9000,CASH,Delivery,18000
434,434,2022-05-24,4,Indomie Rasa Sop Buntut,mie-kuah,makanan,3,10000,QRIS-OTHERS,Dine-In,30000
435,435,2022-02-06,33,Indomie Goreng Aceh,mie-goreng,makanan,1,9000,QRIS-SHOPEEPAY,Delivery,9000
436,436,2022-06-02,52,Indomie Rasa Soto Padang,mie-kuah,makanan,1,10000,QRIS-DANA,Delivery,10000
437,437,2022-03-30,71,Indomie Rasa Mi Kocok Bandung,mie-kuah,makanan,2,10000,QRIS-DANA,Delivery,20000
438,438,2022-03-02,23,Indomie Goreng Aceh,mie-goreng,makanan,1,9000,QRIS-SHOPEEPAY,Dine-In,9000
439,439,2022-08-19,39,Indomie Rasa Soto Betawi,mie-kuah,makanan,2,10000,QRIS-OVO,Delivery,20000
440,440,2022-03-03,85,Indomie Rasa Empal Gentong,mie-kuah,makanan,3,10000,QRIS-OVO,Dine-In,30000
441,441,2022-04-25,90,Indomie Goreng Cabe Ijo,mie-goreng,makanan,2,9000,QRIS-GOPAY,Dine-In,18000
442,442,2022-08-27,15,Indomie Rasa Soto Betawi,mie-kuah,makanan,2,10000,QRIS-GOPAY,Dine-In,20000
443,443,2022-05-02,78,Indomie Rasa Soto Banjar Limau Kuit,mie-kuah,makanan,1,10000,QRIS-DANA,Dine-In,10000
444,444,2022-07-19,59,Indomie Rasa Soto Banjar Limau Kuit,mie-kuah,makanan,3,10000,QRIS-SHOPEEPAY,Dine-In,30000
445,445,2022-07-31,16,Indomie Rasa Mi Kocok Bandung,mie-kuah,makanan,2,10000,QRIS-GOPAY,Delivery,20000
446,446,2022-01-01,76,Indomie Baso Sapi,mie-kuah,makanan,2,9000,QRIS-GOPAY,Dine-In,18000
447,447,2022-04-26,11,Indomie Goreng Aceh,mie-goreng,makanan,2,9000,CASH,Delivery,18000
448,448,2022-01-07,48,indomie Ayam Bawang,mie-kuah,makanan,3,9000,CASH,Dine-In,27000
449,449,2022-04-20,84,indomie Ayam Bawang,mie-kuah,makanan,3,9000,QRIS-OTHERS,Dine-In,27000
450,450,2022-01-27,65,Indomie Soto Mie,mie-kuah,makanan,1,9000,QRIS-OVO,Dine-In,9000
451,451,2022-06-03,35,Indomie Soto Mie,mie-kuah,makanan,2,9000,QRIS-SHOPEEPAY,Dine-In,18000
452,452,2022-05-24,90,Indomie Goreng Pedas,mie-goreng,makanan,1,9000,QRIS-SHOPEEPAY,Dine-In,9000
453,453,2022-04-15,8,Indomie Rasa Soto Padang,mie-kuah,makanan,1,10000,QRIS-DANA,Delivery,10000
454,454,2022-07-12,10,Indomie Rasa Soto Banjar Limau Kuit,mie-kuah,makanan,2,10000,QRIS-OVO,Dine-In,20000
455,455,2022-01-23,43,Indomie Goreng Aceh,mie-goreng,makanan,2,9000,QRIS-OTHERS,Delivery,18000
456,456,2022-05-19,61,Indomie Rasa Mi Kocok Bandung,mie-kuah,makanan,2,10000,QRIS-OVO,Dine-In,20000
457,457,2022-02-10,32,indomie Ayam Bawang,mie-kuah,makanan,2,9000,QRIS-OVO,Delivery,18000
458,458,2022-07-08,42,indomie Ayam Bawang,mie-kuah,makanan,1,9000,QRIS-OTHERS,Delivery,9000
459,459,2022-01-29,79,Indomie Rasa Soto Padang,mie-kuah,makanan,2,10000,QRIS-OTHERS,Dine-In,20000
460,460,2022-05-09,32,indomie Kari Ayam,mie-kuah,makanan,1,9000,QRIS-OTHERS,Dine-In,9000
461,461,2022-04-08,37,Indomie Ayam Spesial,mie-kuah,makanan,2,9000,QRIS-OVO,Delivery,18000
462,462,2022-08-29,42,Indomie Rasa Sop Buntut,mie-kuah,makanan,2,10000,QRIS-GOPAY,Dine-In,20000
463,463,2022-05-01,6,Indomie Ayam Spesial,mie-kuah,makanan,1,9000,QRIS-OVO,Delivery,9000
464,464,2022-02-19,16,Indomie Rasa Sop Buntut,mie-kuah,makanan,2,10000,QRIS-GOPAY,Dine-In,20000
465,465,2022-05-16,53,Indomie Rasa Soto Lamongan,mie-kuah,makanan,1,10000,CASH,Delivery,10000
466,466,2022-05-21,16,Indomie Rasa Soto Banjar Limau Kuit,mie-kuah,makanan,1,10000,QRIS-SHOPEEPAY,Delivery,10000
467,467,2022-03-04,9,Indomie Rasa Soto Betawi,mie-kuah,makanan,2,10000,QRIS-GOPAY,Delivery,20000
468,468,2022-02-18,27,Indomie Goreng Pedas,mie-goreng,makanan,2,9000,CASH,Delivery,18000
469,469,2022-06-06,40,Indomie Rasa Soto Padang,mie-kuah,makanan,2,10000,QRIS-GOPAY,Dine-In,20000
470,470,2022-03-16,54,Indomie Rasa Empal Gentong,mie-kuah,makanan,2,10000,QRIS-OTHERS,Dine-In,20000
471,471,2022-02-22,32,indomie Kari Ayam,mie-kuah,makanan,1,9000,QRIS-OVO,Delivery,9000
472,472,2022-06-13,10,Indomie Soto Mie,mie-kuah,makanan,2,9000,QRIS-OTHERS,Delivery,18000
473,473,2022-08-21,23,Indomie Rasa Soto Banjar Limau Kuit,mie-kuah,makanan,2,10000,QRIS-OTHERS,Dine-In,20000
474,474,2022-06-04,11,Indomie Rasa Soto Padang,mie-kuah,makanan,3,10000,QRIS-OVO,Delivery,30000
475,475,2022-04-08,82,Indomie Goreng Spesial,mie-goreng,makanan,3,9000,CASH,Dine-In,27000
476,476,2022-02-09,70,Indomie Goreng Pedas,mie-goreng,makanan,3,9000,QRIS-DANA,Delivery,27000
477,477,2022-07-21,84,Indomie Rasa Empal Gentong,mie-kuah,makanan,2,10000,QRIS-DANA,Delivery,20000
478,478,2022-06-27,57,Indomie Rasa Soto Betawi,mie-kuah,makanan,2,10000,QRIS-DANA,Delivery,20000
479,479,2022-05-07,96,indomie Ayam Bawang,mie-kuah,makanan,1,9000,QRIS-OTHERS,Delivery,9000
480,480,2022-07-14,63,Indomie Rasa Empal Gentong,mie-kuah,makanan,3,10000,QRIS-SHOPEEPAY,Dine-In,30000
481,481,2022-06-20,35,Indomie Goreng Spesial,mie-goreng,makanan,3,9000,QRIS-SHOPEEPAY,Delivery,27000
482,482,2022-02-08,67,indomie Kari Ayam,mie-kuah,makanan,1,9000,QRIS-GOPAY,Delivery,9000
483,483,2022-07-25,79,Indomie Goreng Sambal Matah,mie-goreng,makanan,3,9000,QRIS-GOPAY,Delivery,27000
484,484,2022-04-07,46,Indomie Ayam Spesial,mie-kuah,makanan,2,9000,QRIS-DANA,Delivery,18000
485,485,2022-08-16,5,Indomie Goreng Aceh,mie-goreng,makanan,2,9000,QRIS-OVO,Delivery,18000
486,486,2022-07-30,57,Indomie Rasa Empal Gentong,mie-kuah,makanan,3,10000,QRIS-GOPAY,Delivery,30000
487,487,2022-01-26,53,Indomie Goreng Cabe Ijo,mie-goreng,makanan,2,9000,QRIS-OTHERS,Dine-In,18000
488,488,2022-06-01,16,Indomie Rasa Soto Padang,mie-kuah,makanan,2,10000,QRIS-OVO,Delivery,20000
489,489,2022-06-13,59,Indomie Rasa Soto Betawi,mie-kuah,makanan,2,10000,QRIS-DANA,Dine-In,20000
490,490,2022-07-04,55,Indomie Baso Sapi,mie-kuah,makanan,2,9000,QRIS-SHOPEEPAY,Dine-In,18000
491,491,2022-05-14,58,indomie Ayam Bawang,mie-kuah,makanan,3,9000,QRIS-OVO,Dine-In,27000
492,492,2022-06-22,59,Indomie Rasa Soto Lamongan,mie-kuah,makanan,2,10000,CASH,Delivery,20000
493,493,2022-07-15,96,Indomie Goreng Spesial,mie-goreng,makanan,3,9000,QRIS-OVO,Delivery,27000
494,494,2022-08-01,69,Indomie Rasa Soto Banjar Limau Kuit,mie-kuah,makanan,3,10000,QRIS-GOPAY,Delivery,30000
495,495,2022-05-17,11,Indomie Baso Sapi,mie-kuah,makanan,1,9000,CASH,Delivery,9000
496,496,2022-06-06,55,Indomie Goreng Spesial,mie-goreng,makanan,1,9000,QRIS-GOPAY,Delivery,9000
497,497,2022-07-14,25,Indomie Goreng Rendang,mie-goreng,makanan,2,9000,QRIS-GOPAY,Delivery,18000
498,498,2022-08-22,39,Indomie Goreng Pedas,mie-goreng,makanan,2,9000,QRIS-DANA,Delivery,18000
499,499,2022-06-21,79,Indomie Soto Mie,mie-kuah,makanan,1,9000,QRIS-OVO,Dine-In,9000
